[
  {"city": "Atlanta",          "i": 78.06, "j": 36.69},
  {"city": "Boston",           "i": 94.52, "j": 79.36},
  {"city": "Calgary",          "i": 23.47, "j": 87.15},
  {"city": "Charleston",       "i": 87.19, "j": 35.64},
  {"city": "Chicago",          "i": 68.39, "j": 59.64},
  {"city": "Dallas",           "i": 55.45, "j": 22.10},
  {"city": "Denver",           "i": 39.03, "j": 45.11},
  {"city": "Duluth",           "i": 56.36, "j": 68.58},
  {"city": "El Paso",          "i": 37.77, "j": 18.54},
  {"city": "Helena",           "i": 33.27, "j": 67.75},
  {"city": "Houston",          "i": 59.54, "j": 16.29},
  {"city": "Kansas City",      "i": 55.49, "j": 47.72},
  {"city": "Las Vegas",        "i": 20.75, "j": 33.55},
  {"city": "Little Rock",      "i": 62.33, "j": 34.44},
  {"city": "Los Angeles",      "i": 14.47, "j": 25.03},
  {"city": "Miami",            "i": 90.37, "j": 12.53},
  {"city": "Montreal",         "i": 87.54, "j": 87.77},
  {"city": "Nashville",        "i": 73.10, "j": 41.86},
  {"city": "New Orleans",      "i": 68.60, "j": 18.02},
  {"city": "New York",         "i": 89.39, "j": 68.37},
  {"city": "Oklahoma City",    "i": 53.54, "j": 35.01},
  {"city": "Omaha",            "i": 53.47, "j": 55.15},
  {"city": "Phoenix",          "i": 26.16, "j": 24.03},
  {"city": "Pittsburgh",       "i": 81.16, "j": 61.79},
  {"city": "Portland",         "i":  8.23, "j": 69.05},
  {"city": "Raleigh",          "i": 84.47, "j": 45.21},
  {"city": "Saint Louis",      "i": 63.83, "j": 47.46},
  {"city": "Salt Lake City",   "i": 26.26, "j": 49.65},
  {"city": "San Francisco",    "i":  6.84, "j": 40.24},
  {"city": "Santa Fe",         "i": 38.30, "j": 31.82},
  {"city": "Sault Ste Marie",  "i": 68.85, "j": 78.26},
  {"city": "Seattle",          "i": 10.36, "j": 76.69},
  {"city": "Toronto",          "i": 79.52, "j": 75.17},
  {"city": "Vancouver",        "i": 10.81, "j": 84.58},
  {"city": "Washington",       "i": 90.16, "j": 55.09},
  {"city": "Winnipeg",         "i": 45.34, "j": 85.53}
]